r,a43391bc-8a45-11ea-ab09-0242ac140003,1588184230045443804,Temperatur/Schlafzimmer
s,a44358b8-8a45-11ea-9ff4-0242ac140004,1588184230147564173,Heizung/Schlafzimmer
r,a4acf8f4-8a45-11ea-ab09-0242ac140003,1588184230841776522,Temperatur/Küche
s,a4bcdb02-8a45-11ea-9ff4-0242ac140004,1588184230943897041,Heizung/Küche
r,a4c4cf7e-8a45-11ea-ab09-0242ac140003,1588184230997880268,Temperatur/Flur
s,a4d4a0c0-8a45-11ea-9ff4-0242ac140004,1588184231099678300,Heizung/Flur
r,a53fbd1a-8a45-11ea-ab09-0242ac140003,1588184231802259110,Temperatur/Schlafzimmer
r,a5459258-8a45-11ea-ab09-0242ac140003,1588184231840276440,Temperatur/Küche
s,a54f40fa-8a45-11ea-9ff4-0242ac140004,1588184231903281607,Heizung/Schlafzimmer
s,a55502e2-8a45-11ea-9ff4-0242ac140004,1588184231941012310,Heizung/Küche
r,a5aa02ec-8a45-11ea-ab09-0242ac140003,1588184232499866833,Temperatur/Flur
s,a5b9ebf8-8a45-11ea-9ff4-0242ac140004,1588184232602377466,Heizung/Flur
r,a5de7608-8a45-11ea-ab09-0242ac140003,1588184232843184741,Temperatur/Küche
s,a5ee349e-8a45-11ea-9ff4-0242ac140004,1588184232945041143,Heizung/Küche
r,a67774f2-8a45-11ea-ab09-0242ac140003,1588184233846253918,Temperatur/Küche
s,a68747d8-8a45-11ea-9ff4-0242ac140004,1588184233948231729,Heizung/Küche
r,a68f2688-8a45-11ea-ab09-0242ac140003,1588184234001818443,Temperatur/Flur
s,a69f06b6-8a45-11ea-9ff4-0242ac140004,1588184234103828832,Heizung/Flur
r,a7106c7a-8a45-11ea-ab09-0242ac140003,1588184234848839247,Temperatur/Küche
s,a7204546-8a45-11ea-9ff4-0242ac140004,1588184234950858884,Heizung/Küche
r,a7745d7a-8a45-11ea-ab09-0242ac140003,1588184235503928990,Temperatur/Flur
s,a7844190-8a45-11ea-9ff4-0242ac140004,1588184235606125664,Heizung/Flur
r,a7a96c5e-8a45-11ea-ab09-0242ac140003,1588184235851660664,Temperatur/Küche
s,a7b94e8a-8a45-11ea-9ff4-0242ac140004,1588184235953807100,Heizung/Küche
r,a82e1aa8-8a45-11ea-ab09-0242ac140003,1588184236719717918,Temperatur/Schlafzimmer
s,a83db67a-8a45-11ea-9ff4-0242ac140004,1588184236821538955,Heizung/Schlafzimmer
r,a8422746-8a45-11ea-ab09-0242ac140003,1588184236852215495,Temperatur/Küche
s,a8520c4c-8a45-11ea-9ff4-0242ac140004,1588184236954795883,Heizung/Küche
r,a8598526-8a45-11ea-ab09-0242ac140003,1588184237005811844,Temperatur/Flur
s,a86969d2-8a45-11ea-9ff4-0242ac140004,1588184237107935809,Heizung/Flur
r,a8ce4546-8a45-11ea-ab09-0242ac140003,1588184237769281122,Temperatur/Schlafzimmer
r,a8dafd04-8a45-11ea-ab09-0242ac140003,1588184237854001175,Temperatur/Küche
s,a8ddf360-8a45-11ea-9ff4-0242ac140004,1588184237871667254,Heizung/Schlafzimmer
s,a8eaf1f0-8a45-11ea-9ff4-0242ac140004,1588184237956828558,Heizung/Küche
r,a8f150ea-8a45-11ea-ab09-0242ac140003,1588184238000522854,Temperatur/Schlafzimmer
s,a901259c-8a45-11ea-9ff4-0242ac140004,1588184238102317433,Heizung/Schlafzimmer
r,a93ecf00-8a45-11ea-ab09-0242ac140003,1588184238507831021,Temperatur/Flur
s,a94e98e0-8a45-11ea-9ff4-0242ac140004,1588184238609902157,Heizung/Flur
r,a973d54c-8a45-11ea-ab09-0242ac140003,1588184238854942240,Temperatur/Küche
s,a983a350-8a45-11ea-9ff4-0242ac140004,1588184238957627562,Heizung/Küche
r,aa0ce4bc-8a45-11ea-ab09-0242ac140003,1588184239858525785,Temperatur/Küche
s,aa1cae7e-8a45-11ea-9ff4-0242ac140004,1588184239960500267,Heizung/Küche
r,aa23de56-8a45-11ea-ab09-0242ac140003,1588184240008854641,Temperatur/Flur
s,aa339d6e-8a45-11ea-9ff4-0242ac140004,1588184240110812322,Heizung/Flur
r,aa519288-8a45-11ea-ab09-0242ac140003,1588184240308489727,Temperatur/Schlafzimmer
s,aa6160aa-8a45-11ea-9ff4-0242ac140004,1588184240410719611,Heizung/Schlafzimmer
r,aa96b016-8a45-11ea-ab09-0242ac140003,1588184240761897739,Temperatur/Schlafzimmer
r,aaa5c308-8a45-11ea-ab09-0242ac140003,1588184240860279246,Temperatur/Küche
s,aaa67fe6-8a45-11ea-9ff4-0242ac140004,1588184240863696479,Heizung/Schlafzimmer
s,aab597d8-8a45-11ea-9ff4-0242ac140004,1588184240962623477,Heizung/Küche
r,ab093168-8a45-11ea-ab09-0242ac140003,1588184241512389439,Temperatur/Flur
s,ab19165a-8a45-11ea-9ff4-0242ac140004,1588184241614662405,Heizung/Flur
r,ab3ed21e-8a45-11ea-ab09-0242ac140003,1588184241863637053,Temperatur/Küche
s,ab4e8f74-8a45-11ea-9ff4-0242ac140004,1588184241965086320,Heizung/Küche
r,abd7ad90-8a45-11ea-ab09-0242ac140003,1588184242865722670,Temperatur/Küche
r,abe5cbfa-8a45-11ea-ab09-0242ac140003,1588184242957257960,Temperatur/Schlafzimmer
s,abe7c6b2-8a45-11ea-9ff4-0242ac140004,1588184242969213160,Heizung/Küche
r,abee3484-8a45-11ea-ab09-0242ac140003,1588184243012671168,Temperatur/Flur
s,abf575d2-8a45-11ea-9ff4-0242ac140004,1588184243058895591,Heizung/Schlafzimmer
s,abfdf9dc-8a45-11ea-9ff4-0242ac140004,1588184243114702543,Heizung/Flur
r,ac709e6a-8a45-11ea-ab09-0242ac140003,1588184243867987181,Temperatur/Küche
s,ac807e98-8a45-11ea-9ff4-0242ac140004,1588184243970077816,Heizung/Küche
r,acd3811a-8a45-11ea-ab09-0242ac140003,1588184244515923440,Temperatur/Flur
s,ace36468-8a45-11ea-9ff4-0242ac140004,1588184244618224511,Heizung/Flur
r,ad09903e-8a45-11ea-ab09-0242ac140003,1588184244870210545,Temperatur/Küche
s,ad19609a-8a45-11ea-9ff4-0242ac140004,1588184244972022339,Heizung/Küche
r,ad337246-8a45-11ea-ab09-0242ac140003,1588184245144569030,Temperatur/Schlafzimmer
s,ad43314a-8a45-11ea-9ff4-0242ac140004,1588184245246016293,Heizung/Schlafzimmer
r,ada27966-8a45-11ea-ab09-0242ac140003,1588184245872188213,Temperatur/Küche
s,adb25c6e-8a45-11ea-9ff4-0242ac140004,1588184245974617822,Heizung/Küche
r,adb8b726-8a45-11ea-ab09-0242ac140003,1588184246017806335,Temperatur/Flur
s,adc8795e-8a45-11ea-9ff4-0242ac140004,1588184246119522492,Heizung/Flur
r,ae087b44-8a45-11ea-ab09-0242ac140003,1588184246540269400,Temperatur/Schlafzimmer
s,ae181ad6-8a45-11ea-9ff4-0242ac140004,1588184246641352918,Heizung/Schlafzimmer
r,ae238998-8a45-11ea-ab09-0242ac140003,1588184246716690347,Temperatur/Schlafzimmer
s,ae3306b6-8a45-11ea-9ff4-0242ac140004,1588184246817786873,Heizung/Schlafzimmer
r,ae3b3a2a-8a45-11ea-ab09-0242ac140003,1588184246872031068,Temperatur/Küche
s,ae4ac4ae-8a45-11ea-9ff4-0242ac140004,1588184246973395496,Heizung/Küche
r,ae766712-8a45-11ea-ab09-0242ac140003,1588184247260037307,Temperatur/Schlafzimmer
s,ae8605a0-8a45-11ea-9ff4-0242ac140004,1588184247361726981,Heizung/Schlafzimmer
r,ae9ddda6-8a45-11ea-ab09-0242ac140003,1588184247519767269,Temperatur/Flur
s,aeadafba-8a45-11ea-9ff4-0242ac140004,1588184247621699476,Heizung/Flur
r,aec9b0ca-8a45-11ea-ab09-0242ac140003,1588184247805763041,Temperatur/Schlafzimmer
r,aed3f5bc-8a45-11ea-ab09-0242ac140003,1588184247872936017,Temperatur/Küche
s,aed93752-8a45-11ea-9ff4-0242ac140004,1588184247906924440,Heizung/Schlafzimmer
s,aee36aa6-8a45-11ea-9ff4-0242ac140004,1588184247973775254,Heizung/Küche
r,aef3bd34-8a45-11ea-ab09-0242ac140003,1588184248081615069,Temperatur/Schlafzimmer
s,af036afe-8a45-11ea-9ff4-0242ac140004,1588184248183523301,Heizung/Schlafzimmer
r,af6d0090-8a45-11ea-ab09-0242ac140003,1588184248877166540,Temperatur/Küche
s,af7cc890-8a45-11ea-9ff4-0242ac140004,1588184248978901150,Heizung/Küche
r,af82fb2a-8a45-11ea-ab09-0242ac140003,1588184249020502689,Temperatur/Flur
s,af92a6d8-8a45-11ea-9ff4-0242ac140004,1588184249122218771,Heizung/Flur
r,afd4598e-8a45-11ea-ab09-0242ac140003,1588184249553165602,Temperatur/Schlafzimmer
s,afe3f3da-8a45-11ea-9ff4-0242ac140004,1588184249655027000,Heizung/Schlafzimmer
r,b003255c-8a45-11ea-ab09-0242ac140003,1588184249860226339,Temperatur/Schlafzimmer
r,b005aa3e-8a45-11ea-ab09-0242ac140003,1588184249876876471,Temperatur/Küche
s,b012cd86-8a45-11ea-9ff4-0242ac140004,1588184249962084905,Heizung/Schlafzimmer
s,b0155ace-8a45-11ea-9ff4-0242ac140004,1588184249978809702,Heizung/Küche
r,b05263ce-8a45-11ea-ab09-0242ac140003,1588184250379457335,Temperatur/Schlafzimmer
s,b061f4e2-8a45-11ea-9ff4-0242ac140004,1588184250480806064,Heizung/Schlafzimmer
r,b06803e6-8a45-11ea-ab09-0242ac140003,1588184250521651352,Temperatur/Flur
s,b077b886-8a45-11ea-9ff4-0242ac140004,1588184250623431817,Heizung/Flur
r,b09e7818-8a45-11ea-ab09-0242ac140003,1588184250878113253,Temperatur/Küche
s,b0ae1462-8a45-11ea-9ff4-0242ac140004,1588184250979694723,Heizung/Küche
r,b0b4a674-8a45-11ea-ab09-0242ac140003,1588184251024284487,Temperatur/Schlafzimmer
s,b0c490fc-8a45-11ea-9ff4-0242ac140004,1588184251127088495,Heizung/Schlafzimmer
r,b1376a64-8a45-11ea-ab09-0242ac140003,1588184251880783375,Temperatur/Küche
s,b1471ee6-8a45-11ea-9ff4-0242ac140004,1588184251982674979,Heizung/Küche
r,b14d368c-8a45-11ea-ab09-0242ac140003,1588184252024332166,Temperatur/Flur
s,b15d1228-8a45-11ea-9ff4-0242ac140004,1588184252126534937,Heizung/Flur
r,b16139c0-8a45-11ea-ab09-0242ac140003,1588184252155525924,Temperatur/Schlafzimmer
s,b17105ee-8a45-11ea-9ff4-0242ac140004,1588184252257279983,Heizung/Schlafzimmer
r,b194baac-8a45-11ea-ab09-0242ac140003,1588184252493223862,Temperatur/Schlafzimmer
s,b1a49de6-8a45-11ea-9ff4-0242ac140004,1588184252595418820,Heizung/Schlafzimmer
r,b1d05b52-8a45-11ea-ab09-0242ac140003,1588184252883791706,Temperatur/Küche
s,b1e0313a-8a45-11ea-9ff4-0242ac140004,1588184252985858054,Heizung/Küche
r,b23281a6-8a45-11ea-ab09-0242ac140003,1588184253527378276,Temperatur/Flur
s,b2427570-8a45-11ea-9ff4-0242ac140004,1588184253629859074,Heizung/Flur
r,b2692558-8a45-11ea-ab09-0242ac140003,1588184253884711305,Temperatur/Küche
s,b278ff96-8a45-11ea-9ff4-0242ac140004,1588184253987292062,Heizung/Küche
r,b2ec08ce-8a45-11ea-ab09-0242ac140003,1588184254743169542,Temperatur/Schlafzimmer
s,b2fbf090-8a45-11ea-9ff4-0242ac140004,1588184254845418219,Heizung/Schlafzimmer
r,b3020728-8a45-11ea-ab09-0242ac140003,1588184254886138348,Temperatur/Küche
s,b311b0ce-8a45-11ea-9ff4-0242ac140004,1588184254987975029,Heizung/Küche
r,b317a8ee-8a45-11ea-ab09-0242ac140003,1588184255028442704,Temperatur/Flur
s,b3276856-8a45-11ea-9ff4-0242ac140004,1588184255130291710,Heizung/Flur
r,b3918b78-8a45-11ea-ab09-0242ac140003,1588184255827164048,Temperatur/Schlafzimmer
r,b39aefa6-8a45-11ea-ab09-0242ac140003,1588184255889424573,Temperatur/Küche
s,b3a1565c-8a45-11ea-9ff4-0242ac140004,1588184255929363598,Heizung/Schlafzimmer
r,b3a621b4-8a45-11ea-ab09-0242ac140003,1588184255962207927,Temperatur/Schlafzimmer
s,b3aadad8-8a45-11ea-9ff4-0242ac140004,1588184255991723639,Heizung/Küche
s,b3b6177c-8a45-11ea-9ff4-0242ac140004,1588184256065384662,Heizung/Schlafzimmer
r,b3e3eb3e-8a45-11ea-ab09-0242ac140003,1588184256366949247,Temperatur/Schlafzimmer
s,b3f3ae7a-8a45-11ea-9ff4-0242ac140004,1588184256469029817,Heizung/Schlafzimmer
r,b3fce666-8a45-11ea-ab09-0242ac140003,1588184256530699389,Temperatur/Flur
s,b40ca2b8-8a45-11ea-9ff4-0242ac140004,1588184256632559293,Heizung/Flur
r,b433b858-8a45-11ea-ab09-0242ac140003,1588184256889568350,Temperatur/Küche
s,b4435b1e-8a45-11ea-9ff4-0242ac140004,1588184256991132287,Heizung/Küche
r,b46dd31c-8a45-11ea-ab09-0242ac140003,1588184257271227647,Temperatur/Schlafzimmer
s,b47da77e-8a45-11ea-9ff4-0242ac140004,1588184257373220623,Heizung/Schlafzimmer
r,b49b5a08-8a45-11ea-ab09-0242ac140003,1588184257569328158,Temperatur/Schlafzimmer
r,b4a7697e-8a45-11ea-ab09-0242ac140003,1588184257648578388,Temperatur/Schlafzimmer
s,b4ab1c72-8a45-11ea-9ff4-0242ac140004,1588184257671123274,Heizung/Schlafzimmer
s,b4b7431c-8a45-11ea-9ff4-0242ac140004,1588184257750771734,Heizung/Schlafzimmer
r,b4ccac34-8a45-11ea-ab09-0242ac140003,1588184257892859231,Temperatur/Küche
s,b4dc8af0-8a45-11ea-9ff4-0242ac140004,1588184257995106894,Heizung/Küche
r,b4e1fa12-8a45-11ea-ab09-0242ac140003,1588184258031459436,Temperatur/Flur
s,b4f18bda-8a45-11ea-9ff4-0242ac140004,1588184258132705647,Heizung/Flur
r,b5659c5a-8a45-11ea-ab09-0242ac140003,1588184258894936146,Temperatur/Küche
s,b575893a-8a45-11ea-9ff4-0242ac140004,1588184258997755494,Heizung/Küche
r,b5867b14-8a45-11ea-ab09-0242ac140003,1588184259110823695,Temperatur/Schlafzimmer
